FIPS Code,State/Area,Year,Month,Civial Population,Total Labor Force,Total Labor Force percent of Pop,Total Employeed Labor force,Total Employed Labor Force Percent,Total Unemployeed Labor Force,Unemployment Rate of Labor Force
1,AL,2008,1,"3,577,198   ","2,170,233   ",60.7,"2,065,583   ",57.7,"104,650   ",4.8
2,AK,2008,1,"498,693   ","349,267   ",70.0,"323,512   ",64.9,"25,755   ",7.4
4,AZ,2008,1,"4,822,624   ","3,061,807   ",63.5,"2,918,237   ",60.5,"143,570   ",4.7
5,AR,2008,1,"2,177,814   ","1,350,256   ",62.0,"1,272,869   ",58.4,"77,387   ",5.7
6,CA,2008,1,"27,453,421   ","18,002,805   ",65.6,"16,844,050   ",61.4,"1,158,755   ",6.4
8,CO,2008,1,"3,733,587   ","2,690,625   ",72.1,"2,565,998   ",68.7,"124,627   ",4.6
9,CT,2008,1,"2,718,370   ","1,859,684   ",68.4,"1,759,063   ",64.7,"100,621   ",5.4
10,DE,2008,1,"673,835   ","445,940   ",66.2,"426,188   ",63.2,"19,752   ",4.4
12,FL,2008,1,"14,421,176   ","9,147,940   ",63.4,"8,695,061   ",60.3,"452,879   ",5.0
13,GA,2008,1,"7,145,219   ","4,883,805   ",68.4,"4,626,387   ",64.7,"257,418   ",5.3
15,HI,2008,1,"972,401   ","638,789   ",65.7,"618,361   ",63.6,"20,428   ",3.2
16,ID,2008,1,"1,125,010   ","740,220   ",65.8,"709,563   ",63.1,"30,657   ",4.1
17,IL,2008,1,"9,782,110   ","6,674,782   ",68.2,"6,271,190   ",64.1,"403,592   ",6.0
18,IN,2008,1,"4,858,075   ","3,196,979   ",65.8,"3,028,691   ",62.3,"168,288   ",5.3
19,IA,2008,1,"2,313,758   ","1,660,673   ",71.8,"1,585,653   ",68.5,"75,020   ",4.5
20,KS,2008,1,"2,104,656   ","1,481,593   ",70.4,"1,413,838   ",67.2,"67,755   ",4.6
21,KY,2008,1,"3,293,294   ","2,004,296   ",60.9,"1,885,411   ",57.3,"118,885   ",5.9
22,LA,2008,1,"3,328,228   ","2,036,397   ",61.2,"1,937,689   ",58.2,"98,708   ",4.8
23,ME,2008,1,"1,060,238   ","693,861   ",65.4,"654,585   ",61.7,"39,276   ",5.7
24,MD,2008,1,"4,342,905   ","2,960,332   ",68.2,"2,853,309   ",65.7,"107,023   ",3.6
25,MA,2008,1,"5,161,571   ","3,412,797   ",66.1,"3,228,297   ",62.5,"184,500   ",5.4
26,MI,2008,1,"7,775,722   ","4,925,364   ",63.3,"4,548,280   ",58.5,"377,084   ",7.7
27,MN,2008,1,"4,034,155   ","2,889,445   ",71.6,"2,729,744   ",67.7,"159,701   ",5.5
28,MS,2008,1,"2,180,462   ","1,313,585   ",60.2,"1,228,619   ",56.3,"84,966   ",6.5
29,MO,2008,1,"4,557,530   ","3,006,586   ",66.0,"2,831,436   ",62.1,"175,150   ",5.8
30,MT,2008,1,"755,967   ","501,924   ",66.4,"475,780   ",62.9,"26,144   ",5.2
31,NE,2008,1,"1,347,708   ","976,755   ",72.5,"942,222   ",69.9,"34,533   ",3.5
32,NV,2008,1,"1,961,491   ","1,350,690   ",68.9,"1,274,968   ",65.0,"75,722   ",5.6
33,NH,2008,1,"1,047,818   ","739,736   ",70.6,"709,455   ",67.7,"30,281   ",4.1
34,NJ,2008,1,"6,705,664   ","4,460,808   ",66.5,"4,232,153   ",63.1,"228,655   ",5.1
35,NM,2008,1,"1,492,337   ","933,086   ",62.5,"895,148   ",60.0,"37,938   ",4.1
36,NY,2008,1,"15,239,027   ","9,577,889   ",62.9,"9,052,450   ",59.4,"525,439   ",5.5
37,NC,2008,1,"6,956,036   ","4,504,516   ",64.8,"4,265,206   ",61.3,"239,310   ",5.3
38,ND,2008,1,"497,394   ","364,030   ",73.2,"350,332   ",70.4,"13,698   ",3.8
39,OH,2008,1,"8,918,397   ","5,920,318   ",66.4,"5,552,569   ",62.3,"367,749   ",6.2
40,OK,2008,1,"2,731,019   ","1,714,716   ",62.8,"1,649,761   ",60.4,"64,955   ",3.8
41,OR,2008,1,"2,951,299   ","1,926,216   ",65.3,"1,809,923   ",61.3,"116,293   ",6.0
42,PA,2008,1,"9,863,659   ","6,379,282   ",64.7,"6,037,870   ",61.2,"341,412   ",5.4
44,RI,2008,1,"837,890   ","569,919   ",68.0,"528,799   ",63.1,"41,120   ",7.2
45,SC,2008,1,"3,411,702   ","2,111,622   ",61.9,"1,984,680   ",58.2,"126,942   ",6.0
46,SD,2008,1,"608,608   ","436,784   ",71.8,"423,198   ",69.5,"13,586   ",3.1
47,TN,2008,1,"4,795,355   ","3,035,808   ",63.3,"2,856,221   ",59.6,"179,587   ",5.9
48,TX,2008,1,"17,582,139   ","11,524,294   ",65.5,"10,996,695   ",62.5,"527,599   ",4.6
49,UT,2008,1,"1,914,712   ","1,366,840   ",71.4,"1,321,525   ",69.0,"45,315   ",3.3
50,VT,2008,1,"503,680   ","351,409   ",69.8,"333,811   ",66.3,"17,598   ",5.0
51,VA,2008,1,"5,895,643   ","4,071,690   ",69.1,"3,920,295   ",66.5,"151,395   ",3.7
53,WA,2008,1,"5,051,757   ","3,439,540   ",68.1,"3,257,256   ",64.5,"182,284   ",5.3
54,WV,2008,1,"1,446,862   ","806,503   ",55.7,"765,769   ",52.9,"40,734   ",5.1
55,WI,2008,1,"4,375,769   ","3,065,592   ",70.1,"2,907,287   ",66.4,"158,305   ",5.2
56,WY,2008,1,"407,544   ","287,962   ",70.7,"277,387   ",68.1,"10,575   ",3.7
1,AL,2009,1,"3,608,960   ","2,164,104   ",60.0,"1,955,196   ",54.2,"208,908   ",9.7
2,AK,2009,1,"507,364   ","353,287   ",69.6,"325,006   ",64.1,"28,281   ",8.0
4,AZ,2009,1,"4,916,200   ","3,116,556   ",63.4,"2,851,388   ",58.0,"265,168   ",8.5
5,AR,2009,1,"2,196,134   ","1,348,969   ",61.4,"1,241,203   ",56.5,"107,766   ",8.0
6,CA,2009,1,"27,794,667   ","18,241,235   ",65.6,"16,372,621   ",58.9,"1,868,614   ",10.2
8,CO,2009,1,"3,807,212   ","2,709,221   ",71.2,"2,530,075   ",66.5,"179,146   ",6.6
9,CT,2009,1,"2,738,401   ","1,871,420   ",68.3,"1,734,204   ",63.3,"137,216   ",7.3
10,DE,2009,1,"682,762   ","443,646   ",65.0,"409,018   ",59.9,"34,628   ",7.8
12,FL,2009,1,"14,539,769   ","9,093,478   ",62.5,"8,270,952   ",56.9,"822,526   ",9.0
13,GA,2009,1,"7,255,557   ","4,772,066   ",65.8,"4,341,199   ",59.8,"430,867   ",9.0
15,HI,2009,1,"978,992   ","632,529   ",64.6,"591,771   ",60.4,"40,758   ",6.4
16,ID,2009,1,"1,143,426   ","749,873   ",65.6,"684,435   ",59.9,"65,438   ",8.7
17,IL,2009,1,"9,849,030   ","6,543,091   ",66.4,"5,966,550   ",60.6,"576,541   ",8.8
18,IN,2009,1,"4,893,292   ","3,211,150   ",65.6,"2,899,557   ",59.3,"311,593   ",9.7
19,IA,2009,1,"2,327,391   ","1,681,240   ",72.2,"1,567,365   ",67.3,"113,875   ",6.8
20,KS,2009,1,"2,120,640   ","1,509,204   ",71.2,"1,415,414   ",66.7,"93,790   ",6.2
21,KY,2009,1,"3,320,357   ","2,035,614   ",61.3,"1,832,150   ",55.2,"203,464   ",10.0
22,LA,2009,1,"3,374,902   ","2,057,108   ",61.0,"1,919,722   ",56.9,"137,386   ",6.7
23,ME,2009,1,"1,064,171   ","690,525   ",64.9,"632,490   ",59.4,"58,035   ",8.4
24,MD,2009,1,"4,378,599   ","3,007,672   ",68.7,"2,812,005   ",64.2,"195,667   ",6.5
25,MA,2009,1,"5,214,072   ","3,445,811   ",66.1,"3,172,773   ",60.9,"273,038   ",7.9
26,MI,2009,1,"7,772,160   ","4,834,402   ",62.2,"4,248,051   ",54.7,"586,351   ",12.1
27,MN,2009,1,"4,068,989   ","2,923,930   ",71.9,"2,693,419   ",66.2,"230,511   ",7.9
28,MS,2009,1,"2,194,462   ","1,276,166   ",58.2,"1,164,629   ",53.1,"111,537   ",8.7
29,MO,2009,1,"4,595,874   ","3,027,141   ",65.9,"2,758,772   ",60.0,"268,369   ",8.9
30,MT,2009,1,"764,203   ","500,439   ",65.5,"461,865   ",60.4,"38,574   ",7.7
31,NE,2009,1,"1,358,167   ","983,157   ",72.4,"937,125   ",69.0,"46,032   ",4.7
32,NV,2009,1,"1,990,788   ","1,358,979   ",68.3,"1,222,690   ",61.4,"136,289   ",10.0
33,NH,2009,1,"1,054,866   ","744,247   ",70.6,"700,659   ",66.4,"43,588   ",5.9
34,NJ,2009,1,"6,746,210   ","4,502,539   ",66.7,"4,141,862   ",61.4,"360,677   ",8.0
35,NM,2009,1,"1,508,503   ","938,975   ",62.2,"878,197   ",58.2,"60,778   ",6.5
36,NY,2009,1,"15,319,033   ","9,648,067   ",63.0,"8,899,246   ",58.1,"748,821   ",7.8
37,NC,2009,1,"7,073,513   ","4,573,819   ",64.7,"4,107,357   ",58.1,"466,462   ",10.2
38,ND,2009,1,"501,410   ","364,542   ",72.7,"346,641   ",69.1,"17,901   ",4.9
39,OH,2009,1,"8,944,394   ","5,890,159   ",65.9,"5,323,184   ",59.5,"566,975   ",9.6
40,OK,2009,1,"2,760,215   ","1,744,351   ",63.2,"1,648,977   ",59.7,"95,374   ",5.5
41,OR,2009,1,"2,991,928   ","1,969,348   ",65.8,"1,750,129   ",58.5,"219,219   ",11.1
42,PA,2009,1,"9,918,169   ","6,436,868   ",64.9,"5,935,988   ",59.8,"500,880   ",7.8
44,RI,2009,1,"840,146   ","567,344   ",67.5,"504,605   ",60.1,"62,739   ",11.1
45,SC,2009,1,"3,469,613   ","2,145,428   ",61.8,"1,918,980   ",55.3,"226,448   ",10.6
46,SD,2009,1,"614,788   ","441,244   ",71.8,"419,215   ",68.2,"22,029   ",5.0
47,TN,2009,1,"4,848,693   ","3,037,143   ",62.6,"2,739,632   ",56.5,"297,511   ",9.8
48,TX,2009,1,"17,934,287   ","11,718,136   ",65.3,"10,968,533   ",61.2,"749,603   ",6.4
49,UT,2009,1,"1,955,576   ","1,374,693   ",70.3,"1,283,848   ",65.7,"90,845   ",6.6
50,VT,2009,1,"506,066   ","358,066   ",70.8,"333,563   ",65.9,"24,503   ",6.8
51,VA,2009,1,"5,967,043   ","4,110,436   ",68.9,"3,861,661   ",64.7,"248,775   ",6.1
53,WA,2009,1,"5,136,093   ","3,496,935   ",68.1,"3,221,599   ",62.7,"275,336   ",7.9
54,WV,2009,1,"1,451,299   ","803,752   ",55.4,"751,376   ",51.8,"52,376   ",6.5
55,WI,2009,1,"4,405,116   ","3,085,078   ",70.0,"2,846,839   ",64.6,"238,239   ",7.7
56,WY,2009,1,"415,020   ","294,670   ",71.0,"279,390   ",67.3,"15,280   ",5.2
1,AL,2010,1,"3,636,380   ","2,135,155   ",58.7,"1,871,780   ",51.5,"263,375   ",12.3
2,AK,2010,1,"514,628   ","356,118   ",69.2,"324,513   ",63.1,"31,605   ",8.9
4,AZ,2010,1,"4,994,110   ","3,107,217   ",62.2,"2,763,335   ",55.3,"343,882   ",11.1
5,AR,2010,1,"2,213,503   ","1,322,432   ",59.7,"1,203,292   ",54.4,"119,140   ",9.0
6,CA,2010,1,"28,141,513   ","18,178,352   ",64.6,"15,863,115   ",56.4,"2,315,237   ",12.7
8,CO,2010,1,"3,871,967   ","2,699,042   ",69.7,"2,458,883   ",63.5,"240,159   ",8.9
9,CT,2010,1,"2,757,497   ","1,880,550   ",68.2,"1,701,235   ",61.7,"179,315   ",9.5
10,DE,2010,1,"690,331   ","428,070   ",62.0,"388,069   ",56.2,"40,001   ",9.3
12,FL,2010,1,"14,670,087   ","9,020,311   ",61.5,"7,978,905   ",54.4,"1,041,406   ",11.5
13,GA,2010,1,"7,356,794   ","4,790,880   ",65.1,"4,268,234   ",58.0,"522,646   ",10.9
15,HI,2010,1,"985,330   ","633,059   ",64.2,"587,486   ",59.6,"45,573   ",7.2
16,ID,2010,1,"1,157,503   ","754,144   ",65.2,"674,721   ",58.3,"79,423   ",10.5
17,IL,2010,1,"9,911,282   ","6,586,885   ",66.5,"5,784,712   ",58.4,"802,173   ",12.2
18,IN,2010,1,"4,925,217   ","3,147,520   ",63.9,"2,776,388   ",56.4,"371,132   ",11.8
19,IA,2010,1,"2,341,680   ","1,666,883   ",71.2,"1,546,023   ",66.0,"120,860   ",7.3
20,KS,2010,1,"2,138,455   ","1,500,669   ",70.2,"1,385,202   ",64.8,"115,467   ",7.7
21,KY,2010,1,"3,342,861   ","2,038,389   ",61.0,"1,803,060   ",53.9,"235,329   ",11.5
22,LA,2010,1,"3,406,282   ","2,038,340   ",59.8,"1,871,324   ",54.9,"167,016   ",8.2
23,ME,2010,1,"1,066,138   ","685,834   ",64.3,"622,508   ",58.4,"63,326   ",9.2
24,MD,2010,1,"4,422,798   ","3,024,802   ",68.4,"2,778,615   ",62.8,"246,187   ",8.1
25,MA,2010,1,"5,263,246   ","3,460,619   ",65.8,"3,128,488   ",59.4,"332,131   ",9.6
26,MI,2010,1,"7,777,357   ","4,805,847   ",61.8,"4,111,710   ",52.9,"694,137   ",14.4
27,MN,2010,1,"4,100,422   ","2,908,573   ",70.9,"2,660,407   ",64.9,"248,166   ",8.5
28,MS,2010,1,"2,206,254   ","1,257,140   ",57.0,"1,109,475   ",50.3,"147,665   ",11.7
29,MO,2010,1,"4,628,246   ","3,022,843   ",65.3,"2,710,887   ",58.6,"311,956   ",10.3
30,MT,2010,1,"770,491   ","494,428   ",64.2,"452,688   ",58.8,"41,740   ",8.4
31,NE,2010,1,"1,370,014   ","980,564   ",71.6,"927,304   ",67.7,"53,260   ",5.4
32,NV,2010,1,"2,009,168   ","1,348,276   ",67.1,"1,166,032   ",58.0,"182,244   ",13.5
33,NH,2010,1,"1,060,421   ","738,214   ",69.6,"686,834   ",64.8,"51,380   ",7.0
34,NJ,2010,1,"6,792,469   ","4,518,682   ",66.5,"4,052,972   ",59.7,"465,710   ",10.3
35,NM,2010,1,"1,526,749   ","925,396   ",60.6,"850,237   ",55.7,"75,159   ",8.1
36,NY,2010,1,"15,398,444   ","9,546,265   ",62.0,"8,632,868   ",56.1,"913,397   ",9.6
37,NC,2010,1,"7,164,495   ","4,560,748   ",63.7,"4,011,491   ",56.0,"549,257   ",12.0
38,ND,2010,1,"506,905   ","366,092   ",72.2,"348,506   ",68.8,"17,586   ",4.8
39,OH,2010,1,"8,967,104   ","5,817,908   ",64.9,"5,120,231   ",57.1,"697,677   ",12.0
40,OK,2010,1,"2,789,349   ","1,749,387   ",62.7,"1,616,523   ",58.0,"132,864   ",7.6
41,OR,2010,1,"3,026,512   ","1,955,080   ",64.6,"1,723,334   ",56.9,"231,746   ",11.9
42,PA,2010,1,"9,966,890   ","6,327,086   ",63.5,"5,727,248   ",57.5,"599,838   ",9.5
44,RI,2010,1,"843,675   ","564,462   ",66.9,"496,305   ",58.8,"68,157   ",12.1
45,SC,2010,1,"3,513,739   ","2,129,893   ",60.6,"1,865,089   ",53.1,"264,804   ",12.4
46,SD,2010,1,"621,730   ","434,007   ",69.8,"408,410   ",65.7,"25,597   ",5.9
47,TN,2010,1,"4,894,242   ","3,038,585   ",62.1,"2,698,354   ",55.1,"340,231   ",11.2
48,TX,2010,1,"18,274,485   ","12,035,309   ",65.9,"10,996,179   ",60.2,"1,039,130   ",8.6
49,UT,2010,1,"1,991,747   ","1,352,064   ",67.9,"1,238,534   ",62.2,"113,530   ",8.4
50,VT,2010,1,"508,821   ","357,412   ",70.2,"332,421   ",65.3,"24,991   ",7.0
51,VA,2010,1,"6,043,575   ","4,083,205   ",67.6,"3,760,390   ",62.2,"322,815   ",7.9
53,WA,2010,1,"5,217,186   ","3,516,790   ",67.4,"3,120,494   ",59.8,"396,296   ",11.3
54,WV,2010,1,"1,455,955   ","802,977   ",55.2,"727,363   ",50.0,"75,614   ",9.4
55,WI,2010,1,"4,430,954   ","3,061,794   ",69.1,"2,751,070   ",62.1,"310,724   ",10.1
56,WY,2010,1,"420,608   ","299,388   ",71.2,"275,085   ",65.4,"24,303   ",8.1
1,AL,2011,1,"3,716,902   ","2,210,128   ",59.5,"1,967,127   ",52.9,"243,001   ",11.0
2,AK,2011,1,"524,325   ","360,755   ",68.8,"329,278   ",62.8,"31,477   ",8.7
4,AZ,2011,1,"4,893,040   ","3,039,415   ",62.1,"2,736,477   ",55.9,"302,938   ",10.0
5,AR,2011,1,"2,246,955   ","1,343,694   ",59.8,"1,216,698   ",54.1,"126,996   ",9.5
6,CA,2011,1,"28,804,849   ","18,307,227   ",63.6,"16,005,295   ",55.6,"2,301,932   ",12.6
8,CO,2011,1,"3,894,793   ","2,707,255   ",69.5,"2,457,186   ",63.1,"250,069   ",9.2
9,CT,2011,1,"2,820,730   ","1,906,336   ",67.6,"1,720,138   ",61.0,"186,198   ",9.8
10,DE,2011,1,"707,737   ","438,457   ",62.0,"401,105   ",56.7,"37,352   ",8.5
12,FL,2011,1,"15,114,858   ","9,209,683   ",60.9,"8,217,155   ",54.4,"992,528   ",10.8
13,GA,2011,1,"7,343,423   ","4,698,498   ",64.0,"4,189,390   ",57.0,"509,108   ",10.8
15,HI,2011,1,"1,050,810   ","660,206   ",62.8,"614,905   ",58.5,"45,301   ",6.9
16,ID,2011,1,"1,173,091   ","756,795   ",64.5,"680,714   ",58.0,"76,081   ",10.1
17,IL,2011,1,"9,927,291   ","6,512,151   ",65.6,"5,854,475   ",59.0,"657,676   ",10.1
18,IN,2011,1,"4,988,647   ","3,140,275   ",62.9,"2,827,588   ",56.7,"312,687   ",10.0
19,IA,2011,1,"2,369,608   ","1,667,406   ",70.4,"1,555,711   ",65.7,"111,695   ",6.7
20,KS,2011,1,"2,156,631   ","1,491,402   ",69.2,"1,381,130   ",64.0,"110,272   ",7.4
21,KY,2011,1,"3,361,963   ","2,046,114   ",60.9,"1,827,381   ",54.4,"218,733   ",10.7
22,LA,2011,1,"3,463,212   ","2,053,063   ",59.3,"1,871,657   ",54.0,"181,406   ",8.8
23,ME,2011,1,"1,077,343   ","689,023   ",64.0,"626,395   ",58.1,"62,628   ",9.1
24,MD,2011,1,"4,530,894   ","3,070,395   ",67.8,"2,831,006   ",62.5,"239,389   ",7.8
25,MA,2011,1,"5,271,497   ","3,453,062   ",65.5,"3,159,392   ",59.9,"293,670   ",8.5
26,MI,2011,1,"7,740,472   ","4,650,140   ",60.1,"4,114,740   ",53.2,"535,400   ",11.5
27,MN,2011,1,"4,134,646   ","2,919,318   ",70.6,"2,693,944   ",65.2,"225,374   ",7.7
28,MS,2011,1,"2,240,757   ","1,331,623   ",59.4,"1,191,281   ",53.2,"140,342   ",10.5
29,MO,2011,1,"4,639,278   ","3,034,450   ",65.4,"2,737,172   ",59.0,"297,278   ",9.8
30,MT,2011,1,"781,787   ","494,840   ",63.3,"452,466   ",57.9,"42,374   ",8.6
31,NE,2011,1,"1,395,581   ","987,363   ",70.7,"937,296   ",67.2,"50,067   ",5.1
32,NV,2011,1,"2,084,475   ","1,365,532   ",65.5,"1,175,321   ",56.4,"190,211   ",13.9
33,NH,2011,1,"1,056,804   ","733,580   ",69.4,"689,382   ",65.2,"44,198   ",6.0
34,NJ,2011,1,"6,900,649   ","4,519,207   ",65.5,"4,068,804   ",59.0,"450,403   ",10.0
35,NM,2011,1,"1,577,610   ","925,783   ",58.7,"852,207   ",54.0,"73,576   ",7.9
36,NY,2011,1,"15,426,512   ","9,482,821   ",61.5,"8,633,127   ",56.0,"849,694   ",9.0
37,NC,2011,1,"7,377,659   ","4,578,718   ",62.1,"4,078,162   ",55.3,"500,556   ",10.9
38,ND,2011,1,"528,987   ","377,971   ",71.5,"361,468   ",68.3,"16,503   ",4.4
39,OH,2011,1,"8,984,807   ","5,731,591   ",63.8,"5,149,596   ",57.3,"581,995   ",10.2
40,OK,2011,1,"2,857,240   ","1,750,040   ",61.2,"1,634,572   ",57.2,"115,468   ",6.6
41,OR,2011,1,"3,051,188   ","1,981,882   ",65.0,"1,769,688   ",58.0,"212,194   ",10.7
42,PA,2011,1,"10,098,314   ","6,346,875   ",62.9,"5,799,021   ",57.4,"547,854   ",8.6
44,RI,2011,1,"843,496   ","560,307   ",66.4,"493,013   ",58.4,"67,294   ",12.0
45,SC,2011,1,"3,595,843   ","2,143,529   ",59.6,"1,900,520   ",52.9,"243,009   ",11.3
46,SD,2011,1,"620,850   ","433,672   ",69.9,"408,444   ",65.8,"25,228   ",5.8
47,TN,2011,1,"4,953,685   ","3,101,841   ",62.6,"2,789,071   ",56.3,"312,770   ",10.1
48,TX,2011,1,"18,807,824   ","12,357,777   ",65.7,"11,338,090   ",60.3,"1,019,687   ",8.3
49,UT,2011,1,"1,976,447   ","1,348,130   ",68.2,"1,241,562   ",62.8,"106,568   ",7.9
50,VT,2011,1,"508,926   ","358,722   ",70.5,"335,111   ",65.8,"23,611   ",6.6
51,VA,2011,1,"6,208,922   ","4,160,172   ",67.0,"3,865,879   ",62.3,"294,293   ",7.1
53,WA,2011,1,"5,281,050   ","3,458,007   ",65.5,"3,095,780   ",58.6,"362,227   ",10.5
54,WV,2011,1,"1,485,037   ","802,036   ",54.0,"725,110   ",48.8,"76,926   ",9.6
55,WI,2011,1,"4,447,085   ","3,055,772   ",68.7,"2,787,323   ",62.7,"268,449   ",8.8
56,WY,2011,1,"435,345   ","303,903   ",69.8,"282,012   ",64.8,"21,891   ",7.2
1,AL,2012,1,"3,735,824   ","2,151,638   ",57.6,"1,973,652   ",52.8,"177,986   ",8.3
2,AK,2012,1,"532,294   ","361,338   ",67.9,"331,598   ",62.3,"29,740   ",8.2
4,AZ,2012,1,"4,969,507   ","3,012,695   ",60.6,"2,746,202   ",55.3,"266,493   ",8.8
5,AR,2012,1,"2,261,579   ","1,340,626   ",59.3,"1,226,827   ",54.2,"113,799   ",8.5
6,CA,2012,1,"29,149,617   ","18,375,806   ",63.0,"16,280,881   ",55.9,"2,094,925   ",11.4
8,CO,2012,1,"3,961,796   ","2,729,616   ",68.9,"2,496,154   ",63.0,"233,462   ",8.6
9,CT,2012,1,"2,838,475   ","1,885,452   ",66.4,"1,722,105   ",60.7,"163,347   ",8.7
10,DE,2012,1,"715,497   ","444,140   ",62.1,"410,248   ",57.3,"33,892   ",7.6
12,FL,2012,1,"15,331,987   ","9,238,253   ",60.3,"8,402,754   ",54.8,"835,499   ",9.0
13,GA,2012,1,"7,432,059   ","4,759,634   ",64.0,"4,293,077   ",57.8,"466,557   ",9.8
15,HI,2012,1,"1,061,235   ","651,076   ",61.4,"606,886   ",57.2,"44,190   ",6.8
16,ID,2012,1,"1,186,323   ","762,247   ",64.3,"694,291   ",58.5,"67,956   ",8.9
17,IL,2012,1,"9,975,525   ","6,509,012   ",65.2,"5,875,278   ",58.9,"633,734   ",9.7
18,IN,2012,1,"5,018,480   ","3,159,809   ",63.0,"2,868,823   ",57.2,"290,986   ",9.2
19,IA,2012,1,"2,383,051   ","1,644,926   ",69.0,"1,544,654   ",64.8,"100,272   ",6.1
20,KS,2012,1,"2,168,396   ","1,478,108   ",68.2,"1,384,236   ",63.8,"93,872   ",6.4
21,KY,2012,1,"3,380,376   ","2,031,067   ",60.1,"1,847,427   ",54.7,"183,640   ",9.0
22,LA,2012,1,"3,491,743   ","2,039,034   ",58.4,"1,875,963   ",53.7,"163,071   ",8.0
23,ME,2012,1,"1,081,035   ","692,536   ",64.1,"632,279   ",58.5,"60,257   ",8.7
24,MD,2012,1,"4,579,537   ","3,086,546   ",67.4,"2,859,520   ",62.4,"227,026   ",7.4
25,MA,2012,1,"5,325,422   ","3,444,591   ",64.7,"3,188,240   ",59.9,"256,351   ",7.4
26,MI,2012,1,"7,774,853   ","4,614,170   ",59.3,"4,165,849   ",53.6,"448,321   ",9.7
27,MN,2012,1,"4,168,433   ","2,915,844   ",70.0,"2,723,946   ",65.3,"191,898   ",6.6
28,MS,2012,1,"2,249,728   ","1,323,508   ",58.8,"1,191,717   ",53.0,"131,791   ",10.0
29,MO,2012,1,"4,660,021   ","3,000,505   ",64.4,"2,772,758   ",59.5,"227,747   ",7.6
30,MT,2012,1,"787,793   ","498,286   ",63.3,"461,587   ",58.6,"36,699   ",7.4
31,NE,2012,1,"1,405,655   ","998,519   ",71.0,"953,354   ",67.8,"45,165   ",4.5
32,NV,2012,1,"2,107,860   ","1,367,339   ",64.9,"1,199,167   ",56.9,"168,172   ",12.3
33,NH,2012,1,"1,064,576   ","736,942   ",69.2,"692,782   ",65.1,"44,160   ",6.0
34,NJ,2012,1,"6,935,039   ","4,534,225   ",65.4,"4,099,975   ",59.1,"434,250   ",9.6
35,NM,2012,1,"1,589,291   ","923,081   ",58.1,"851,769   ",53.6,"71,312   ",7.7
36,NY,2012,1,"15,527,143   ","9,515,496   ",61.3,"8,635,675   ",55.6,"879,821   ",9.2
37,NC,2012,1,"7,463,501   ","4,607,262   ",61.7,"4,145,880   ",55.5,"461,382   ",10.0
38,ND,2012,1,"538,375   ","387,814   ",72.0,"372,538   ",69.2,"15,276   ",3.9
39,OH,2012,1,"9,010,314   ","5,650,325   ",62.7,"5,163,646   ",57.3,"486,679   ",8.6
40,OK,2012,1,"2,881,921   ","1,775,017   ",61.6,"1,671,383   ",58.0,"103,634   ",5.8
41,OR,2012,1,"3,083,936   ","1,962,542   ",63.6,"1,769,557   ",57.4,"192,985   ",9.8
42,PA,2012,1,"10,140,784   ","6,383,908   ",63.0,"5,851,976   ",57.7,"531,932   ",8.3
44,RI,2012,1,"846,176   ","557,038   ",65.8,"489,076   ",57.8,"67,962   ",12.2
45,SC,2012,1,"3,634,050   ","2,158,506   ",59.4,"1,939,283   ",53.4,"219,223   ",10.2
46,SD,2012,1,"627,885   ","433,668   ",69.1,"411,813   ",65.6,"21,855   ",5.0
47,TN,2012,1,"4,998,033   ","3,076,071   ",61.5,"2,819,494   ",56.4,"256,577   ",8.3
48,TX,2012,1,"19,167,225   ","12,529,521   ",65.4,"11,617,933   ",60.6,"911,588   ",7.3
49,UT,2012,1,"2,009,353   ","1,351,887   ",67.3,"1,267,527   ",63.1,"84,360   ",6.2
50,VT,2012,1,"510,927   ","354,497   ",69.4,"333,984   ",65.4,"20,513   ",5.8
51,VA,2012,1,"6,284,386   ","4,192,056   ",66.7,"3,913,756   ",62.3,"278,300   ",6.6
53,WA,2012,1,"5,348,811   ","3,454,220   ",64.6,"3,129,408   ",58.5,"324,812   ",9.4
54,WV,2012,1,"1,487,402   ","795,922   ",53.5,"731,553   ",49.2,"64,369   ",8.1
55,WI,2012,1,"4,469,954   ","3,042,800   ",68.1,"2,803,786   ",62.7,"239,014   ",7.9
56,WY,2012,1,"440,412   ","305,451   ",69.4,"285,664   ",64.9,"19,787   ",6.5
1,AL,2013,1,"3,756,699   ","2,176,822   ",57.9,"1,998,763   ",53.2,"178,059   ",8.2
2,AK,2013,1,"536,984   ","360,240   ",67.1,"331,600   ",61.8,"28,640   ",8.0
4,AZ,2013,1,"5,049,118   ","3,016,895   ",59.8,"2,770,401   ",54.9,"246,494   ",8.2
5,AR,2013,1,"2,272,283   ","1,310,586   ",57.7,"1,202,152   ",52.9,"108,434   ",8.3
6,CA,2013,1,"29,491,475   ","18,598,344   ",63.1,"16,692,764   ",56.6,"1,905,580   ",10.2
8,CO,2013,1,"4,031,697   ","2,750,708   ",68.2,"2,530,172   ",62.8,"220,536   ",8.0
9,CT,2013,1,"2,852,027   ","1,849,684   ",64.9,"1,688,115   ",59.2,"161,569   ",8.7
10,DE,2013,1,"723,528   ","441,387   ",61.0,"407,354   ",56.3,"34,033   ",7.7
12,FL,2013,1,"15,562,936   ","9,385,611   ",60.3,"8,610,437   ",55.3,"775,174   ",8.3
13,GA,2013,1,"7,521,687   ","4,779,803   ",63.5,"4,344,438   ",57.8,"435,365   ",9.1
15,HI,2013,1,"1,070,601   ","645,540   ",60.3,"612,103   ",57.2,"33,437   ",5.2
16,ID,2013,1,"1,201,017   ","762,257   ",63.5,"703,478   ",58.6,"58,779   ",7.7
17,IL,2013,1,"10,014,739   ","6,546,001   ",65.4,"5,872,721   ",58.6,"673,280   ",10.3
18,IN,2013,1,"5,049,422   ","3,167,685   ",62.7,"2,867,081   ",56.8,"300,604   ",9.5
19,IA,2013,1,"2,397,802   ","1,647,511   ",68.7,"1,549,331   ",64.6,"98,180   ",6.0
20,KS,2013,1,"2,179,353   ","1,480,676   ",67.9,"1,390,456   ",63.8,"90,220   ",6.1
21,KY,2013,1,"3,400,639   ","2,056,067   ",60.5,"1,872,950   ",55.1,"183,117   ",8.9
22,LA,2013,1,"3,514,795   ","2,072,509   ",59.0,"1,907,489   ",54.3,"165,020   ",8.0
23,ME,2013,1,"1,083,640   ","696,221   ",64.2,"639,193   ",59.0,"57,028   ",8.2
24,MD,2013,1,"4,622,651   ","3,120,375   ",67.5,"2,891,651   ",62.6,"228,724   ",7.3
25,MA,2013,1,"5,381,834   ","3,488,438   ",64.8,"3,222,518   ",59.9,"265,920   ",7.6
26,MI,2013,1,"7,811,239   ","4,673,198   ",59.8,"4,203,570   ",53.8,"469,628   ",10.0
27,MN,2013,1,"4,202,927   ","2,947,141   ",70.1,"2,759,446   ",65.7,"187,695   ",6.4
28,MS,2013,1,"2,259,202   ","1,289,108   ",57.1,"1,160,717   ",51.4,"128,391   ",10.0
29,MO,2013,1,"4,680,699   ","3,007,664   ",64.3,"2,777,276   ",59.3,"230,388   ",7.7
30,MT,2013,1,"795,282   ","504,814   ",63.5,"470,740   ",59.2,"34,074   ",6.7
31,NE,2013,1,"1,416,284   ","1,010,747   ",71.4,"965,511   ",68.2,"45,236   ",4.5
32,NV,2013,1,"2,139,865   ","1,377,103   ",64.4,"1,226,926   ",57.3,"150,177   ",10.9
33,NH,2013,1,"1,072,149   ","740,240   ",69.0,"695,363   ",64.9,"44,877   ",6.1
34,NJ,2013,1,"6,963,937   ","4,570,862   ",65.6,"4,125,773   ",59.2,"445,089   ",9.7
35,NM,2013,1,"1,597,951   ","923,257   ",57.8,"855,474   ",53.5,"67,783   ",7.3
36,NY,2013,1,"15,609,486   ","9,646,616   ",61.8,"8,767,800   ",56.2,"878,816   ",9.1
37,NC,2013,1,"7,552,861   ","4,685,947   ",62.0,"4,237,193   ",56.1,"448,754   ",9.6
38,ND,2013,1,"551,287   ","396,727   ",72.0,"381,482   ",69.2,"15,245   ",3.8
39,OH,2013,1,"9,042,259   ","5,668,159   ",62.7,"5,166,998   ",57.1,"501,161   ",8.8
40,OK,2013,1,"2,909,332   ","1,793,824   ",61.7,"1,690,387   ",58.1,"103,437   ",5.8
41,OR,2013,1,"3,112,555   ","1,902,249   ",61.1,"1,724,394   ",55.4,"177,855   ",9.3
42,PA,2013,1,"10,170,310   ","6,465,699   ",63.6,"5,899,764   ",58.0,"565,935   ",8.8
44,RI,2013,1,"849,390   ","556,062   ",65.5,"497,635   ",58.6,"58,427   ",10.5
45,SC,2013,1,"3,680,527   ","2,172,789   ",59.0,"1,975,036   ",53.7,"197,753   ",9.1
46,SD,2013,1,"635,517   ","435,314   ",68.5,"415,329   ",65.4,"19,985   ",4.6
47,TN,2013,1,"5,043,726   ","3,087,694   ",61.2,"2,818,764   ",55.9,"268,930   ",8.7
48,TX,2013,1,"19,526,310   ","12,752,509   ",65.3,"11,861,318   ",60.7,"891,191   ",7.0
49,UT,2013,1,"2,045,495   ","1,387,697   ",67.8,"1,312,228   ",64.2,"75,469   ",5.4
50,VT,2013,1,"511,973   ","350,296   ",68.4,"331,932   ",64.8,"18,364   ",5.2
51,VA,2013,1,"6,354,601   ","4,210,695   ",66.3,"3,941,190   ",62.0,"269,505   ",6.4
53,WA,2013,1,"5,412,926   ","3,457,183   ",63.9,"3,167,037   ",58.5,"290,146   ",8.4
54,WV,2013,1,"1,487,419   ","796,445   ",53.5,"731,061   ",49.1,"65,384   ",8.2
55,WI,2013,1,"4,493,813   ","3,054,778   ",68.0,"2,815,406   ",62.7,"239,372   ",7.8
56,WY,2013,1,"446,651   ","304,864   ",68.3,"286,346   ",64.1,"18,518   ",6.1
1,AL,2014,1,"3,774,558   ","2,154,902   ",57.1,"1,990,255   ",52.7,"164,647   ",7.6
2,AK,2014,1,"539,129   ","360,944   ",66.9,"332,811   ",61.7,"28,133   ",7.8
4,AZ,2014,1,"5,133,536   ","3,054,331   ",59.5,"2,834,526   ",55.2,"219,805   ",7.2
5,AR,2014,1,"2,281,615   ","1,290,932   ",56.6,"1,197,637   ",52.5,"93,295   ",7.2
6,CA,2014,1,"29,824,602   ","18,531,729   ",62.1,"16,972,270   ",56.9,"1,559,459   ",8.4
8,CO,2014,1,"4,104,308   ","2,766,156   ",67.4,"2,589,552   ",63.1,"176,604   ",6.4
9,CT,2014,1,"2,862,385   ","1,858,919   ",64.9,"1,716,862   ",60.0,"142,057   ",7.6
10,DE,2014,1,"732,347   ","443,617   ",60.6,"414,313   ",56.6,"29,304   ",6.6
12,FL,2014,1,"15,812,565   ","9,452,337   ",59.8,"8,819,883   ",55.8,"632,454   ",6.7
13,GA,2014,1,"7,605,799   ","4,711,818   ",62.0,"4,361,261   ",57.3,"350,557   ",7.4
15,HI,2014,1,"1,077,310   ","661,232   ",61.4,"630,190   ",58.5,"31,042   ",4.7
16,ID,2014,1,"1,217,373   ","770,359   ",63.3,"721,164   ",59.2,"49,195   ",6.4
17,IL,2014,1,"10,042,055   ","6,487,219   ",64.6,"5,917,530   ",58.9,"569,689   ",8.8
18,IN,2014,1,"5,079,735   ","3,160,974   ",62.2,"2,952,240   ",58.1,"208,734   ",6.6
19,IA,2014,1,"2,412,802   ","1,679,603   ",69.6,"1,591,058   ",65.9,"88,545   ",5.3
20,KS,2014,1,"2,188,551   ","1,479,454   ",67.6,"1,404,274   ",64.2,"75,180   ",5.1
21,KY,2014,1,"3,419,209   ","2,016,854   ",59.0,"1,854,482   ",54.2,"162,372   ",8.1
22,LA,2014,1,"3,536,097   ","2,078,242   ",58.8,"1,956,981   ",55.3,"121,261   ",5.8
23,ME,2014,1,"1,087,034   ","692,644   ",63.7,"644,601   ",59.3,"48,043   ",6.9
24,MD,2014,1,"4,655,459   ","3,096,209   ",66.5,"2,897,817   ",62.2,"198,392   ",6.4
25,MA,2014,1,"5,436,615   ","3,505,536   ",64.5,"3,268,063   ",60.1,"237,473   ",6.8
26,MI,2014,1,"7,844,529   ","4,693,429   ",59.8,"4,300,595   ",54.8,"392,834   ",8.4
27,MN,2014,1,"4,236,345   ","2,948,643   ",69.6,"2,787,953   ",65.8,"160,690   ",5.4
28,MS,2014,1,"2,268,131   ","1,251,286   ",55.2,"1,142,518   ",50.4,"108,768   ",8.7
29,MO,2014,1,"4,700,687   ","3,009,849   ",64.0,"2,794,951   ",59.5,"214,898   ",7.1
30,MT,2014,1,"803,024   ","506,487   ",63.1,"475,853   ",59.3,"30,634   ",6.0
31,NE,2014,1,"1,426,135   ","1,003,942   ",70.4,"965,116   ",67.7,"38,826   ",3.9
32,NV,2014,1,"2,173,591   ","1,375,206   ",63.3,"1,251,517   ",57.6,"123,689   ",9.0
33,NH,2014,1,"1,079,215   ","740,563   ",68.6,"702,273   ",65.1,"38,290   ",5.2
34,NJ,2014,1,"6,985,778   ","4,432,756   ",63.5,"4,098,609   ",58.7,"334,147   ",7.5
35,NM,2014,1,"1,603,240   ","925,859   ",57.7,"860,366   ",53.7,"65,493   ",7.1
36,NY,2014,1,"15,670,467   ","9,508,660   ",60.7,"8,805,387   ",56.2,"703,273   ",7.4
37,NC,2014,1,"7,642,430   ","4,638,150   ",60.7,"4,316,257   ",56.5,"321,893   ",6.9
38,ND,2014,1,"564,199   ","402,258   ",71.3,"388,292   ",68.8,"13,966   ",3.5
39,OH,2014,1,"9,078,839   ","5,643,168   ",62.2,"5,225,169   ",57.6,"417,999   ",7.4
40,OK,2014,1,"2,934,067   ","1,784,956   ",60.8,"1,691,898   ",57.7,"93,058   ",5.2
41,OR,2014,1,"3,144,305   ","1,900,032   ",60.4,"1,749,662   ",55.6,"150,370   ",7.9
42,PA,2014,1,"10,192,640   ","6,349,525   ",62.3,"5,918,507   ",58.1,"431,018   ",6.8
44,RI,2014,1,"851,978   ","555,647   ",65.2,"501,119   ",58.8,"54,528   ",9.8
45,SC,2014,1,"3,730,846   ","2,172,480   ",58.2,"2,026,371   ",54.3,"146,109   ",6.7
46,SD,2014,1,"641,250   ","439,296   ",68.5,"421,166   ",65.7,"18,130   ",4.1
47,TN,2014,1,"5,086,712   ","2,996,158   ",58.9,"2,789,044   ",54.8,"207,114   ",6.9
48,TX,2014,1,"19,902,411   ","12,923,006   ",64.9,"12,189,012   ",61.2,"733,994   ",5.7
49,UT,2014,1,"2,081,614   ","1,414,992   ",68.0,"1,353,297   ",65.0,"61,695   ",4.4
50,VT,2014,1,"512,894   ","347,413   ",67.7,"330,972   ",64.5,"16,441   ",4.7
51,VA,2014,1,"6,412,572   ","4,214,621   ",65.7,"3,975,035   ",62.0,"239,586   ",5.7
53,WA,2014,1,"5,481,397   ","3,449,688   ",62.9,"3,203,455   ",58.4,"246,233   ",7.1
54,WV,2014,1,"1,485,415   ","789,071   ",53.1,"729,058   ",49.1,"60,013   ",7.6
55,WI,2014,1,"4,516,397   ","3,050,914   ",67.6,"2,852,080   ",63.1,"198,834   ",6.5
56,WY,2014,1,"448,934   ","303,156   ",67.5,"287,214   ",64.0,"15,942   ",5.3
1,AL,2015,1,"3,791,019   ","2,141,332   ",56.5,"2,003,220   ",52.8,"138,112   ",6.4
2,AK,2015,1,"540,952   ","359,632   ",66.5,"333,527   ",61.7,"26,105   ",7.3
4,AZ,2015,1,"5,229,770   ","3,141,634   ",60.1,"2,936,244   ",56.1,"205,390   ",6.5
5,AR,2015,1,"2,292,813   ","1,305,874   ",57.0,"1,224,228   ",53.4,"81,646   ",6.3
6,CA,2015,1,"30,163,271   ","18,771,859   ",62.2,"17,422,506   ",57.8,"1,349,353   ",7.2
8,CO,2015,1,"4,189,379   ","2,801,284   ",66.9,"2,667,400   ",63.7,"133,884   ",4.8
9,CT,2015,1,"2,870,233   ","1,891,563   ",65.9,"1,764,937   ",61.5,"126,626   ",6.7
10,DE,2015,1,"741,578   ","457,798   ",61.7,"432,594   ",58.3,"25,204   ",5.5
12,FL,2015,1,"16,112,499   ","9,528,954   ",59.1,"8,959,312   ",55.6,"569,642   ",6.0
13,GA,2015,1,"7,708,410   ","4,745,725   ",61.6,"4,431,296   ",57.5,"314,429   ",6.6
15,HI,2015,1,"1,083,320   ","671,107   ",61.9,"643,687   ",59.4,"27,420   ",4.1
16,ID,2015,1,"1,235,995   ","780,315   ",63.1,"739,390   ",59.8,"40,925   ",5.2
17,IL,2015,1,"10,055,159   ","6,442,755   ",64.1,"6,001,992   ",59.7,"440,763   ",6.8
18,IN,2015,1,"5,105,318   ","3,234,974   ",63.4,"3,035,608   ",59.5,"199,366   ",6.2
19,IA,2015,1,"2,425,901   ","1,693,105   ",69.8,"1,611,599   ",66.4,"81,506   ",4.8
20,KS,2015,1,"2,199,392   ","1,484,035   ",67.5,"1,414,254   ",64.3,"69,781   ",4.7
21,KY,2015,1,"3,434,668   ","1,972,356   ",57.4,"1,852,211   ",53.9,"120,145   ",6.1
22,LA,2015,1,"3,557,644   ","2,164,444   ",60.8,"2,007,836   ",56.4,"156,608   ",7.2
23,ME,2015,1,"1,090,052   ","679,345   ",62.3,"639,658   ",58.7,"39,687   ",5.8
24,MD,2015,1,"4,684,957   ","3,117,590   ",66.5,"2,933,088   ",62.6,"184,502   ",5.9
25,MA,2015,1,"5,485,149   ","3,588,423   ",65.4,"3,381,637   ",61.7,"206,786   ",5.8
26,MI,2015,1,"7,872,842   ","4,717,486   ",59.9,"4,407,491   ",56.0,"309,995   ",6.6
27,MN,2015,1,"4,268,005   ","2,970,751   ",69.6,"2,832,753   ",66.4,"137,998   ",4.6
28,MS,2015,1,"2,275,388   ","1,242,526   ",54.6,"1,153,682   ",50.7,"88,844   ",7.2
29,MO,2015,1,"4,723,434   ","3,052,361   ",64.6,"2,867,820   ",60.7,"184,541   ",6.0
30,MT,2015,1,"810,518   ","509,644   ",62.9,"482,357   ",59.5,"27,287   ",5.4
31,NE,2015,1,"1,436,238   ","995,765   ",69.3,"962,122   ",67.0,"33,643   ",3.4
32,NV,2015,1,"2,214,505   ","1,395,017   ",63.0,"1,289,949   ",58.2,"105,068   ",7.5
33,NH,2015,1,"1,086,161   ","743,347   ",68.4,"711,072   ",65.5,"32,275   ",4.3
34,NJ,2015,1,"7,005,361   ","4,472,961   ",63.9,"4,159,711   ",59.4,"313,250   ",7.0
35,NM,2015,1,"1,607,891   ","932,440   ",58.0,"870,669   ",54.1,"61,771   ",6.6
36,NY,2015,1,"15,710,297   ","9,521,794   ",60.6,"8,916,116   ",56.8,"605,678   ",6.4
37,NC,2015,1,"7,740,947   ","4,700,893   ",60.7,"4,415,474   ",57.0,"285,419   ",6.1
38,ND,2015,1,"575,263   ","409,966   ",71.3,"396,252   ",68.9,"13,714   ",3.3
39,OH,2015,1,"9,112,531   ","5,654,873   ",62.1,"5,315,290   ",58.3,"339,583   ",6.0
40,OK,2015,1,"2,960,127   ","1,813,136   ",61.3,"1,732,811   ",58.5,"80,325   ",4.4
41,OR,2015,1,"3,188,456   ","1,935,534   ",60.7,"1,808,549   ",56.7,"126,985   ",6.6
42,PA,2015,1,"10,211,674   ","6,370,587   ",62.4,"5,995,461   ",58.7,"375,126   ",5.9
44,RI,2015,1,"854,526   ","553,167   ",64.7,"511,750   ",59.9,"41,417   ",7.5
45,SC,2015,1,"3,790,503   ","2,245,101   ",59.2,"2,088,335   ",55.1,"156,766   ",7.0
46,SD,2015,1,"645,737   ","441,998   ",68.4,"425,137   ",65.8,"16,861   ",3.8
47,TN,2015,1,"5,133,934   ","3,031,508   ",59.0,"2,827,409   ",55.1,"204,099   ",6.7
48,TX,2015,1,"20,324,220   ","13,034,005   ",64.1,"12,423,042   ",61.1,"610,963   ",4.7
49,UT,2015,1,"2,119,790   ","1,439,047   ",67.9,"1,383,269   ",65.3,"55,778   ",3.9
50,VT,2015,1,"513,942   ","345,305   ",67.2,"330,368   ",64.3,"14,937   ",4.3
51,VA,2015,1,"6,468,554   ","4,205,683   ",65.0,"3,986,529   ",61.6,"219,154   ",5.2
53,WA,2015,1,"5,571,780   ","3,515,510   ",63.1,"3,285,739   ",59.0,"229,771   ",6.5
54,WV,2015,1,"1,482,139   ","771,354   ",52.0,"714,442   ",48.2,"56,912   ",7.4
55,WI,2015,1,"4,536,665   ","3,067,152   ",67.6,"2,899,624   ",63.9,"167,528   ",5.5
56,WY,2015,1,"450,095   ","302,081   ",67.1,"288,023   ",64.0,"14,058   ",4.7
1,AL,2016,1,"3,806,737   ","2,159,298   ",56.7,"2,022,264   ",53.1,"137,034   ",6.3
2,AK,2016,1,"544,515   ","357,360   ",65.6,"330,707   ",60.7,"26,653   ",7.5
4,AZ,2016,1,"5,332,241   ","3,193,150   ",59.9,"3,015,439   ",56.6,"177,711   ",5.6
5,AR,2016,1,"2,304,763   ","1,314,436   ",57.0,"1,251,769   ",54.3,"62,667   ",4.8
6,CA,2016,1,"30,466,355   ","18,855,287   ",61.9,"17,741,085   ",58.2,"1,114,202   ",5.9
8,CO,2016,1,"4,280,284   ","2,838,987   ",66.3,"2,731,746   ",63.8,"107,241   ",3.8
9,CT,2016,1,"2,872,571   ","1,869,006   ",65.1,"1,755,544   ",61.1,"113,462   ",6.1
10,DE,2016,1,"749,960   ","469,798   ",62.6,"446,390   ",59.5,"23,408   ",5.0
12,FL,2016,1,"16,448,996   ","9,640,735   ",58.6,"9,155,073   ",55.7,"485,662   ",5.0
13,GA,2016,1,"7,825,048   ","4,823,546   ",61.6,"4,554,170   ",58.2,"269,376   ",5.6
15,HI,2016,1,"1,090,993   ","678,779   ",62.2,"657,895   ",60.3,"20,884   ",3.1
16,ID,2016,1,"1,259,661   ","799,953   ",63.5,"759,856   ",60.3,"40,097   ",5.0
17,IL,2016,1,"10,050,952   ","6,517,640   ",64.8,"6,082,566   ",60.5,"435,074   ",6.7
18,IN,2016,1,"5,130,607   ","3,290,973   ",64.1,"3,123,984   ",60.9,"166,989   ",5.1
19,IA,2016,1,"2,435,959   ","1,688,231   ",69.3,"1,612,557   ",66.2,"75,674   ",4.5
20,KS,2016,1,"2,209,104   ","1,481,873   ",67.1,"1,419,487   ",64.3,"62,386   ",4.2
21,KY,2016,1,"3,450,760   ","1,980,991   ",57.4,"1,865,147   ",54.1,"115,844   ",5.8
22,LA,2016,1,"3,576,100   ","2,113,930   ",59.1,"1,979,233   ",55.3,"134,697   ",6.4
23,ME,2016,1,"1,092,165   ","673,448   ",61.7,"641,346   ",58.7,"32,102   ",4.8
24,MD,2016,1,"4,705,523   ","3,130,439   ",66.5,"2,976,902   ",63.3,"153,537   ",4.9
25,MA,2016,1,"5,522,865   ","3,569,557   ",64.6,"3,397,188   ",61.5,"172,369   ",4.8
26,MI,2016,1,"7,898,555   ","4,757,620   ",60.2,"4,511,803   ",57.1,"245,817   ",5.2
27,MN,2016,1,"4,299,516   ","3,005,260   ",69.9,"2,869,786   ",66.7,"135,474   ",4.5
28,MS,2016,1,"2,281,016   ","1,266,258   ",55.5,"1,185,990   ",52.0,"80,268   ",6.3
29,MO,2016,1,"4,742,971   ","3,055,233   ",64.4,"2,915,461   ",61.5,"139,772   ",4.6
30,MT,2016,1,"818,726   ","516,159   ",63.0,"488,520   ",59.7,"27,639   ",5.4
31,NE,2016,1,"1,446,517   ","998,867   ",69.1,"964,591   ",66.7,"34,276   ",3.4
32,NV,2016,1,"2,257,929   ","1,410,023   ",62.4,"1,318,842   ",58.4,"91,181   ",6.5
33,NH,2016,1,"1,092,728   ","745,909   ",68.3,"720,632   ",65.9,"25,277   ",3.4
34,NJ,2016,1,"7,021,090   ","4,439,243   ",63.2,"4,206,811   ",59.9,"232,432   ",5.2
35,NM,2016,1,"1,614,274   ","931,411   ",57.7,"869,111   ",53.8,"62,300   ",6.7
36,NY,2016,1,"15,724,712   ","9,548,351   ",60.7,"9,045,389   ",57.5,"502,962   ",5.3
37,NC,2016,1,"7,852,762   ","4,778,015   ",60.8,"4,517,409   ",57.5,"260,606   ",5.5
38,ND,2016,1,"580,211   ","406,504   ",70.1,"390,356   ",67.3,"16,148   ",4.0
39,OH,2016,1,"9,139,320   ","5,663,985   ",62.0,"5,348,253   ",58.5,"315,732   ",5.6
40,OK,2016,1,"2,982,272   ","1,824,503   ",61.2,"1,737,694   ",58.3,"86,809   ",4.8
41,OR,2016,1,"3,246,888   ","1,998,783   ",61.6,"1,889,200   ",58.2,"109,583   ",5.5
42,PA,2016,1,"10,220,491   ","6,402,784   ",62.6,"6,049,251   ",59.2,"353,533   ",5.5
44,RI,2016,1,"856,460   ","550,248   ",64.2,"515,537   ",60.2,"34,711   ",6.3
45,SC,2016,1,"3,854,849   ","2,271,576   ",58.9,"2,139,996   ",55.5,"131,580   ",5.8
46,SD,2016,1,"650,925   ","444,524   ",68.3,"429,676   ",66.0,"14,848   ",3.3
47,TN,2016,1,"5,184,655   ","3,066,420   ",59.1,"2,912,066   ",56.2,"154,354   ",5.0
48,TX,2016,1,"20,734,558   ","13,162,203   ",63.5,"12,577,252   ",60.7,"584,951   ",4.4
49,UT,2016,1,"2,166,840   ","1,475,615   ",68.1,"1,419,641   ",65.5,"55,974   ",3.8
50,VT,2016,1,"514,579   ","342,529   ",66.6,"329,225   ",64.0,"13,304   ",3.9
51,VA,2016,1,"6,518,557   ","4,183,902   ",64.2,"4,004,290   ",61.4,"179,612   ",4.3
53,WA,2016,1,"5,676,920   ","3,584,973   ",63.1,"3,365,154   ",59.3,"219,819   ",6.1
54,WV,2016,1,"1,476,141   ","775,190   ",52.5,"718,495   ",48.7,"56,695   ",7.3
55,WI,2016,1,"4,554,468   ","3,089,551   ",67.8,"2,943,881   ",64.6,"145,670   ",4.7
56,WY,2016,1,"450,725   ","300,577   ",66.7,"282,598   ",62.7,"17,979   ",6.0
1,AL,2017,1,"3,824,674   ","2,178,126   ",56.9,"2,047,510   ",53.5,"130,616   ",6.0
2,AK,2017,1,"546,799   ","356,139   ",65.1,"328,514   ",60.1,"27,625   ",7.8
4,AZ,2017,1,"5,440,651   ","3,279,117   ",60.3,"3,106,896   ",57.1,"172,221   ",5.3
5,AR,2017,1,"2,317,585   ","1,318,693   ",56.9,"1,261,936   ",54.5,"56,757   ",4.3
6,CA,2017,1,"30,730,068   ","19,052,073   ",62.0,"17,983,076   ",58.5,"1,068,997   ",5.6
8,CO,2017,1,"4,361,225   ","2,918,264   ",66.9,"2,823,262   ",64.7,"95,002   ",3.3
9,CT,2017,1,"2,875,900   ","1,894,304   ",65.9,"1,789,108   ",62.2,"105,196   ",5.6
10,DE,2017,1,"758,108   ","472,020   ",62.3,"448,482   ",59.2,"23,538   ",5.0
12,FL,2017,1,"16,788,545   ","9,928,031   ",59.1,"9,450,194   ",56.3,"477,837   ",4.8
13,GA,2017,1,"7,944,103   ","4,986,321   ",62.8,"4,714,708   ",59.3,"271,613   ",5.4
15,HI,2017,1,"1,094,487   ","689,024   ",63.0,"669,561   ",61.2,"19,463   ",2.8
16,ID,2017,1,"1,289,889   ","818,543   ",63.5,"781,743   ",60.6,"36,800   ",4.5
17,IL,2017,1,"10,046,938   ","6,448,267   ",64.2,"6,051,587   ",60.2,"396,680   ",6.2
18,IN,2017,1,"5,161,828   ","3,300,060   ",63.9,"3,148,645   ",61.0,"151,415   ",4.6
19,IA,2017,1,"2,446,949   ","1,663,795   ",68.0,"1,591,261   ",65.0,"72,534   ",4.4
20,KS,2017,1,"2,215,134   ","1,469,663   ",66.3,"1,407,892   ",63.6,"61,771   ",4.2
21,KY,2017,1,"3,467,706   ","2,027,162   ",58.5,"1,908,459   ",55.0,"118,703   ",5.9
22,LA,2017,1,"3,584,458   ","2,079,082   ",58.0,"1,951,407   ",54.4,"127,675   ",6.1
23,ME,2017,1,"1,096,633   ","688,260   ",62.8,"658,346   ",60.0,"29,914   ",4.3
24,MD,2017,1,"4,724,596   ","3,175,271   ",67.2,"3,022,898   ",64.0,"152,373   ",4.8
25,MA,2017,1,"5,564,289   ","3,640,120   ",65.4,"3,480,350   ",62.5,"159,770   ",4.4
26,MI,2017,1,"7,936,077   ","4,833,542   ",60.9,"4,566,959   ",57.5,"266,583   ",5.5
27,MN,2017,1,"4,337,810   ","3,034,920   ",70.0,"2,892,152   ",66.7,"142,768   ",4.7
28,MS,2017,1,"2,287,189   ","1,269,521   ",55.5,"1,196,604   ",52.3,"72,917   ",5.7
29,MO,2017,1,"4,764,647   ","3,038,074   ",63.8,"2,901,989   ",60.9,"136,085   ",4.5
30,MT,2017,1,"828,721   ","518,555   ",62.6,"492,178   ",59.4,"26,377   ",5.1
31,NE,2017,1,"1,457,364   ","998,762   ",68.5,"963,626   ",66.1,"35,136   ",3.5
32,NV,2017,1,"2,303,693   ","1,435,941   ",62.3,"1,356,398   ",58.9,"79,543   ",5.5
33,NH,2017,1,"1,101,486   ","750,108   ",68.1,"725,188   ",65.8,"24,920   ",3.3
34,NJ,2017,1,"7,043,059   ","4,429,773   ",62.9,"4,206,766   ",59.7,"223,007   ",5.0
35,NM,2017,1,"1,621,079   ","931,348   ",57.5,"869,979   ",53.7,"61,369   ",6.6
36,NY,2017,1,"15,727,583   ","9,484,471   ",60.3,"8,985,918   ",57.1,"498,553   ",5.3
37,NC,2017,1,"7,973,332   ","4,866,565   ",61.0,"4,612,359   ",57.8,"254,206   ",5.2
38,ND,2017,1,"579,374   ","406,238   ",70.1,"391,393   ",67.6,"14,845   ",3.7
39,OH,2017,1,"9,174,261   ","5,708,156   ",62.2,"5,361,980   ",58.4,"346,176   ",6.1
40,OK,2017,1,"2,995,772   ","1,814,410   ",60.6,"1,727,018   ",57.6,"87,392   ",4.8
41,OR,2017,1,"3,307,995   ","2,044,014   ",61.8,"1,948,096   ",58.9,"95,918   ",4.7
42,PA,2017,1,"10,237,961   ","6,398,474   ",62.5,"6,041,240   ",59.0,"357,234   ",5.6
44,RI,2017,1,"858,297   ","549,301   ",64.0,"519,327   ",60.5,"29,974   ",5.5
45,SC,2017,1,"3,918,636   ","2,289,791   ",58.4,"2,173,100   ",55.5,"116,691   ",5.1
46,SD,2017,1,"658,169   ","447,999   ",68.1,"431,583   ",65.6,"16,416   ",3.7
47,TN,2017,1,"5,241,875   ","3,139,245   ",59.9,"2,982,073   ",56.9,"157,172   ",5.0
48,TX,2017,1,"21,111,302   ","13,443,527   ",63.7,"12,773,501   ",60.5,"670,026   ",5.0
49,UT,2017,1,"2,221,961   ","1,525,474   ",68.7,"1,471,569   ",66.2,"53,905   ",3.5
50,VT,2017,1,"515,460   ","344,458   ",66.8,"331,891   ",64.4,"12,567   ",3.6
51,VA,2017,1,"6,569,938   ","4,251,546   ",64.7,"4,065,448   ",61.9,"186,098   ",4.4
53,WA,2017,1,"5,791,618   ","3,671,791   ",63.4,"3,467,799   ",59.9,"203,992   ",5.6
54,WV,2017,1,"1,468,181   ","769,672   ",52.4,"722,334   ",49.2,"47,338   ",6.2
55,WI,2017,1,"4,577,205   ","3,101,954   ",67.8,"2,971,519   ",64.9,"130,435   ",4.2
56,WY,2017,1,"449,081   ","292,036   ",65.0,"276,354   ",61.5,"15,682   ",5.4
1,AL,2018,1,"3,839,764   ","2,177,072   ",56.7,"2,082,454   ",54.2,"94,618   ",4.3
2,AK,2018,1,"546,441   ","350,688   ",64.2,"324,350   ",59.4,"26,338   ",7.5
4,AZ,2018,1,"5,547,405   ","3,359,082   ",60.6,"3,193,011   ",57.6,"166,071   ",4.9
5,AR,2018,1,"2,328,377   ","1,326,500   ",57.0,"1,269,221   ",54.5,"57,279   ",4.3
6,CA,2018,1,"30,917,087   ","19,111,788   ",61.8,"18,211,546   ",58.9,"900,242   ",4.7
8,CO,2018,1,"4,436,052   ","3,017,852   ",68.0,"2,918,598   ",65.8,"99,254   ",3.3
9,CT,2018,1,"2,880,372   ","1,876,830   ",65.2,"1,778,384   ",61.7,"98,446   ",5.2
10,DE,2018,1,"766,224   ","477,615   ",62.3,"456,029   ",59.5,"21,586   ",4.5
12,FL,2018,1,"17,072,810   ","10,045,889   ",58.8,"9,633,488   ",56.4,"412,401   ",4.1
13,GA,2018,1,"8,045,856   ","5,063,123   ",62.9,"4,836,123   ",60.1,"227,000   ",4.5
15,HI,2018,1,"1,093,806   ","679,593   ",62.1,"663,739   ",60.7,"15,854   ",2.3
16,ID,2018,1,"1,320,566   ","841,071   ",63.7,"807,114   ",61.1,"33,957   ",4.0
17,IL,2018,1,"10,030,271   ","6,402,888   ",63.8,"6,073,308   ",60.5,"329,580   ",5.1
18,IN,2018,1,"5,193,015   ","3,313,563   ",63.8,"3,190,069   ",61.4,"123,494   ",3.7
19,IA,2018,1,"2,455,587   ","1,662,083   ",67.7,"1,601,237   ",65.2,"60,846   ",3.7
20,KS,2018,1,"2,219,071   ","1,465,450   ",66.0,"1,410,529   ",63.6,"54,921   ",3.7
21,KY,2018,1,"3,479,751   ","2,030,128   ",58.3,"1,932,359   ",55.5,"97,769   ",4.8
22,LA,2018,1,"3,582,248   ","2,080,284   ",58.1,"1,978,437   ",55.2,"101,847   ",4.9
23,ME,2018,1,"1,101,717   ","686,782   ",62.3,"660,087   ",59.9,"26,695   ",3.9
24,MD,2018,1,"4,742,517   ","3,189,977   ",67.3,"3,043,717   ",64.2,"146,260   ",4.6
25,MA,2018,1,"5,600,042   ","3,713,752   ",66.3,"3,560,998   ",63.6,"152,754   ",4.1
26,MI,2018,1,"7,965,479   ","4,840,239   ",60.8,"4,596,664   ",57.7,"243,575   ",5.0
27,MN,2018,1,"4,374,235   ","3,042,370   ",69.6,"2,924,108   ",66.8,"118,262   ",3.9
28,MS,2018,1,"2,287,739   ","1,257,242   ",55.0,"1,192,974   ",52.1,"64,268   ",5.1
29,MO,2018,1,"4,783,411   ","3,022,028   ",63.2,"2,907,611   ",60.8,"114,417   ",3.8
30,MT,2018,1,"838,240   ","521,905   ",62.3,"496,638   ",59.2,"25,267   ",4.8
31,NE,2018,1,"1,466,847   ","1,006,583   ",68.6,"972,752   ",66.3,"33,831   ",3.4
32,NV,2018,1,"2,352,512   ","1,476,362   ",62.8,"1,401,892   ",59.6,"74,470   ",5.0
33,NH,2018,1,"1,109,260   ","755,512   ",68.1,"731,557   ",66.0,"23,955   ",3.2
34,NJ,2018,1,"7,058,861   ","4,394,274   ",62.3,"4,175,658   ",59.2,"218,616   ",5.0
35,NM,2018,1,"1,627,350   ","929,579   ",57.1,"879,214   ",54.0,"50,365   ",5.4
36,NY,2018,1,"15,706,720   ","9,442,262   ",60.1,"8,965,257   ",57.1,"477,005   ",5.1
37,NC,2018,1,"8,087,491   ","4,902,396   ",60.6,"4,684,597   ",57.9,"217,799   ",4.4
38,ND,2018,1,"579,652   ","400,496   ",69.1,"386,626   ",66.7,"13,870   ",3.5
39,OH,2018,1,"9,204,358   ","5,684,601   ",61.8,"5,389,790   ",58.6,"294,811   ",5.2
40,OK,2018,1,"3,005,002   ","1,831,744   ",61.0,"1,756,088   ",58.4,"75,656   ",4.1
41,OR,2018,1,"3,353,068   ","2,077,205   ",61.9,"1,980,934   ",59.1,"96,271   ",4.6
42,PA,2018,1,"10,254,905   ","6,355,146   ",62.0,"6,040,859   ",58.9,"314,287   ",4.9
44,RI,2018,1,"860,147   ","550,758   ",64.0,"521,818   ",60.7,"28,940   ",5.3
45,SC,2018,1,"3,976,298   ","2,311,206   ",58.1,"2,208,220   ",55.5,"102,986   ",4.5
46,SD,2018,1,"664,468   ","451,759   ",68.0,"435,443   ",65.5,"16,316   ",3.6
47,TN,2018,1,"5,298,369   ","3,196,123   ",60.3,"3,069,789   ",57.9,"126,334   ",4.0
48,TX,2018,1,"21,442,250   ","13,667,770   ",63.7,"13,087,083   ",61.0,"580,687   ",4.2
49,UT,2018,1,"2,274,452   ","1,553,323   ",68.3,"1,502,414   ",66.1,"50,909   ",3.3
50,VT,2018,1,"516,699   ","344,573   ",66.7,"333,484   ",64.5,"11,089   ",3.2
51,VA,2018,1,"6,617,058   ","4,282,008   ",64.7,"4,129,025   ",62.4,"152,983   ",3.6
53,WA,2018,1,"5,892,958   ","3,746,318   ",63.6,"3,548,101   ",60.2,"198,217   ",5.3
54,WV,2018,1,"1,458,842   ","771,955   ",52.9,"724,813   ",49.7,"47,142   ",6.1
55,WI,2018,1,"4,599,895   ","3,097,719   ",67.3,"2,993,008   ",65.1,"104,711   ",3.4
56,WY,2018,1,"447,618   ","288,467   ",64.4,"274,690   ",61.4,"13,777   ",4.8
1,AL,2019,1,"3,854,983   ","2,227,943   ",57.8,"2,134,636   ",55.4,"93,307   ",4.2
2,AK,2019,1,"545,386   ","344,073   ",63.1,"320,262   ",58.7,"23,811   ",6.9
4,AZ,2019,1,"5,660,637   ","3,495,956   ",61.8,"3,316,000   ",58.6,"179,956   ",5.1
5,AR,2019,1,"2,338,676   ","1,343,146   ",57.4,"1,286,090   ",55.0,"57,056   ",4.2
6,CA,2019,1,"31,056,760   ","19,346,174   ",62.3,"18,416,386   ",59.3,"929,788   ",4.8
8,CO,2019,1,"4,511,919   ","3,102,194   ",68.8,"2,989,880   ",66.3,"112,314   ",3.6
9,CT,2019,1,"2,883,660   ","1,896,499   ",65.8,"1,809,246   ",62.7,"87,253   ",4.6
10,DE,2019,1,"774,686   ","483,380   ",62.4,"464,500   ",60.0,"18,880   ",3.9
12,FL,2019,1,"17,309,363   ","10,224,613   ",59.1,"9,837,432   ",56.8,"387,181   ",3.8
13,GA,2019,1,"8,148,216   ","5,092,817   ",62.5,"4,877,469   ",59.9,"215,348   ",4.2
15,HI,2019,1,"1,092,391   ","667,666   ",61.1,"648,541   ",59.4,"19,125   ",2.9
16,ID,2019,1,"1,352,487   ","865,592   ",64.0,"831,046   ",61.4,"34,546   ",4.0
17,IL,2019,1,"10,010,253   ","6,437,765   ",64.3,"6,099,151   ",60.9,"338,614   ",5.3
18,IN,2019,1,"5,229,473   ","3,387,262   ",64.8,"3,243,685   ",62.0,"143,577   ",4.2
19,IA,2019,1,"2,463,837   ","1,706,902   ",69.3,"1,647,675   ",66.9,"59,227   ",3.5
20,KS,2019,1,"2,225,956   ","1,475,063   ",66.3,"1,420,848   ",63.8,"54,215   ",3.7
21,KY,2019,1,"3,489,504   ","2,043,353   ",58.6,"1,946,231   ",55.8,"97,122   ",4.8
22,LA,2019,1,"3,579,199   ","2,078,711   ",58.1,"1,970,469   ",55.1,"108,242   ",5.2
23,ME,2019,1,"1,107,451   ","685,064   ",61.9,"657,261   ",59.3,"27,803   ",4.1
24,MD,2019,1,"4,755,914   ","3,229,802   ",67.9,"3,090,690   ",65.0,"139,112   ",4.3
25,MA,2019,1,"5,625,311   ","3,793,621   ",67.4,"3,651,529   ",64.9,"142,092   ",3.7
26,MI,2019,1,"7,986,098   ","4,909,207   ",61.5,"4,662,356   ",58.4,"246,851   ",5.0
27,MN,2019,1,"4,408,745   ","3,083,538   ",69.9,"2,950,697   ",66.9,"132,841   ",4.3
28,MS,2019,1,"2,286,727   ","1,259,513   ",55.1,"1,189,295   ",52.0,"70,218   ",5.6
29,MO,2019,1,"4,802,297   ","3,046,480   ",63.4,"2,929,448   ",61.0,"117,032   ",3.8
30,MT,2019,1,"846,602   ","526,011   ",62.1,"502,439   ",59.3,"23,572   ",4.5
31,NE,2019,1,"1,476,504   ","1,020,985   ",69.1,"985,894   ",66.8,"35,091   ",3.4
32,NV,2019,1,"2,402,388   ","1,521,685   ",63.3,"1,452,770   ",60.5,"68,915   ",4.5
33,NH,2019,1,"1,117,097   ","766,918   ",68.7,"743,750   ",66.6,"23,168   ",3.0
34,NJ,2019,1,"7,067,683   ","4,436,343   ",62.8,"4,243,393   ",60.0,"192,950   ",4.3
35,NM,2019,1,"1,635,588   ","943,522   ",57.7,"893,561   ",54.6,"49,961   ",5.3
36,NY,2019,1,"15,674,769   ","9,515,496   ",60.7,"9,062,792   ",57.8,"452,704   ",4.8
37,NC,2019,1,"8,195,769   ","5,013,715   ",61.2,"4,789,199   ",58.4,"224,516   ",4.5
38,ND,2019,1,"581,408   ","397,265   ",68.3,"384,982   ",66.2,"12,283   ",3.1
39,OH,2019,1,"9,228,927   ","5,752,171   ",62.3,"5,455,902   ",59.1,"296,269   ",5.2
40,OK,2019,1,"3,020,541   ","1,826,684   ",60.5,"1,758,556   ",58.2,"68,128   ",3.7
41,OR,2019,1,"3,391,480   ","2,092,729   ",61.7,"1,992,467   ",58.7,"100,262   ",4.8
42,PA,2019,1,"10,271,032   ","6,426,941   ",62.6,"6,130,255   ",59.7,"296,686   ",4.6
44,RI,2019,1,"862,713   ","552,518   ",64.0,"527,160   ",61.1,"25,358   ",4.6
45,SC,2019,1,"4,035,180   ","2,355,435   ",58.4,"2,261,815   ",56.1,"93,620   ",4.0
46,SD,2019,1,"669,790   ","455,509   ",68.0,"439,397   ",65.6,"16,112   ",3.5
47,TN,2019,1,"5,354,206   ","3,293,608   ",61.5,"3,164,790   ",59.1,"128,818   ",3.9
48,TX,2019,1,"21,776,469   ","13,938,076   ",64.0,"13,365,741   ",61.4,"572,335   ",4.1
49,UT,2019,1,"2,326,485   ","1,580,516   ",67.9,"1,531,292   ",65.8,"49,224   ",3.1
50,VT,2019,1,"517,792   ","342,973   ",66.2,"333,023   ",64.3,"9,950   ",2.9
51,VA,2019,1,"6,654,627   ","4,351,685   ",65.4,"4,202,310   ",63.1,"149,375   ",3.4
53,WA,2019,1,"5,980,884   ","3,860,249   ",64.5,"3,655,715   ",61.1,"204,534   ",5.3
54,WV,2019,1,"1,450,847   ","782,264   ",53.9,"737,311   ",50.8,"44,953   ",5.7
55,WI,2019,1,"4,622,871   ","3,083,718   ",66.7,"2,970,152   ",64.2,"113,566   ",3.7
56,WY,2019,1,"448,821   ","288,249   ",64.2,"276,023   ",61.5,"12,226   ",4.2
1,AL,2020,1,"3,871,113   ","2,226,903   ",57.5,"2,154,610   ",55.7,"72,293   ",3.2
2,AK,2020,1,"544,147   ","339,445   ",62.4,"317,141   ",58.3,"22,304   ",6.6
4,AZ,2020,1,"5,777,677   ","3,616,271   ",62.6,"3,448,584   ",59.7,"167,687   ",4.6
5,AR,2020,1,"2,348,957   ","1,350,711   ",57.5,"1,295,198   ",55.1,"55,513   ",4.1
6,CA,2020,1,"31,176,732   ","19,477,354   ",62.5,"18,637,368   ",59.8,"839,986   ",4.3
8,CO,2020,1,"4,585,337   ","3,169,480   ",69.1,"3,079,301   ",67.2,"90,179   ",2.8
9,CT,2020,1,"2,885,511   ","1,920,807   ",66.6,"1,835,656   ",63.6,"85,151   ",4.4
10,DE,2020,1,"783,263   ","486,541   ",62.1,"465,899   ",59.5,"20,642   ",4.2
12,FL,2020,1,"17,546,441   ","10,423,822   ",59.4,"10,113,596   ",57.6,"310,226   ",3.0
13,GA,2020,1,"8,253,244   ","5,157,403   ",62.5,"4,979,349   ",60.3,"178,054   ",3.5
15,HI,2020,1,"1,090,466   ","673,454   ",61.8,"654,010   ",60.0,"19,444   ",2.9
16,ID,2020,1,"1,386,678   ","886,931   ",64.0,"855,878   ",61.7,"31,053   ",3.5
17,IL,2020,1,"9,991,645   ","6,312,658   ",63.2,"6,059,346   ",60.6,"253,312   ",4.0
18,IN,2020,1,"5,267,251   ","3,375,889   ",64.1,"3,254,377   ",61.8,"121,512   ",3.6
19,IA,2020,1,"2,472,780   ","1,738,135   ",70.3,"1,673,914   ",67.7,"64,221   ",3.7
20,KS,2020,1,"2,233,129   ","1,489,402   ",66.7,"1,438,709   ",64.4,"50,693   ",3.4
21,KY,2020,1,"3,499,012   ","2,070,206   ",59.2,"1,971,521   ",56.3,"98,685   ",4.8
22,LA,2020,1,"3,575,222   ","2,097,045   ",58.7,"1,977,412   ",55.3,"119,633   ",5.7
23,ME,2020,1,"1,113,662   ","685,269   ",61.5,"657,181   ",59.0,"28,088   ",4.1
24,MD,2020,1,"4,768,645   ","3,269,371   ",68.6,"3,153,245   ",66.1,"116,126   ",3.6
25,MA,2020,1,"5,647,532   ","3,808,808   ",67.4,"3,680,469   ",65.2,"128,339   ",3.4
26,MI,2020,1,"8,003,316   ","4,924,408   ",61.5,"4,713,637   ",58.9,"210,771   ",4.3
27,MN,2020,1,"4,442,842   ","3,096,839   ",69.7,"2,983,505   ",67.2,"113,334   ",3.7
28,MS,2020,1,"2,289,087   ","1,257,892   ",55.0,"1,190,407   ",52.0,"67,485   ",5.4
29,MO,2020,1,"4,822,794   ","3,095,286   ",64.2,"2,963,025   ",61.4,"132,261   ",4.3
30,MT,2020,1,"854,870   ","534,089   ",62.5,"510,463   ",59.7,"23,626   ",4.4
31,NE,2020,1,"1,486,126   ","1,036,702   ",69.8,"1,003,579   ",67.5,"33,123   ",3.2
32,NV,2020,1,"2,451,444   ","1,560,901   ",63.7,"1,501,021   ",61.2,"59,880   ",3.8
33,NH,2020,1,"1,125,658   ","780,999   ",69.4,"757,089   ",67.3,"23,910   ",3.1
34,NJ,2020,1,"7,076,496   ","4,558,934   ",64.4,"4,358,598   ",61.6,"200,336   ",4.4
35,NM,2020,1,"1,645,105   ","958,293   ",58.3,"910,393   ",55.3,"47,900   ",5.0
36,NY,2020,1,"15,637,099   ","9,527,725   ",60.9,"9,136,585   ",58.4,"391,140   ",4.1
37,NC,2020,1,"8,301,726   ","5,085,420   ",61.3,"4,878,692   ",58.8,"206,728   ",4.1
38,ND,2020,1,"584,185   ","399,574   ",68.4,"388,274   ",66.5,"11,300   ",2.8
39,OH,2020,1,"9,251,398   ","5,782,142   ",62.5,"5,490,233   ",59.3,"291,909   ",5.0
40,OK,2020,1,"3,039,935   ","1,829,554   ",60.2,"1,769,810   ",58.2,"59,744   ",3.3
41,OR,2020,1,"3,429,482   ","2,088,894   ",60.9,"2,009,543   ",58.6,"79,351   ",3.8
42,PA,2020,1,"10,286,669   ","6,518,311   ",63.4,"6,184,493   ",60.1,"333,818   ",5.1
44,RI,2020,1,"865,428   ","555,877   ",64.2,"533,321   ",61.6,"22,556   ",4.1
45,SC,2020,1,"4,096,955   ","2,382,951   ",58.2,"2,312,571   ",56.4,"70,380   ",3.0
46,SD,2020,1,"675,598   ","461,820   ",68.4,"444,256   ",65.8,"17,564   ",3.8
47,TN,2020,1,"5,410,974   ","3,331,920   ",61.6,"3,204,461   ",59.2,"127,459   ",3.8
48,TX,2020,1,"22,128,099   ","14,188,058   ",64.1,"13,655,624   ",61.7,"532,434   ",3.8
49,UT,2020,1,"2,380,180   ","1,628,058   ",68.4,"1,582,600   ",66.5,"45,458   ",2.8
50,VT,2020,1,"518,745   ","338,827   ",65.3,"328,639   ",63.4,"10,188   ",3.0
51,VA,2020,1,"6,693,201   ","4,441,323   ",66.4,"4,307,025   ",64.3,"134,298   ",3.0
53,WA,2020,1,"6,066,011   ","3,964,090   ",65.3,"3,788,930   ",62.5,"175,160   ",4.4
54,WV,2020,1,"1,443,225   ","799,751   ",55.4,"756,159   ",52.4,"43,592   ",5.5
55,WI,2020,1,"4,646,243   ","3,085,640   ",66.4,"2,954,618   ",63.6,"131,022   ",4.2
56,WY,2020,1,"451,023   ","292,822   ",64.9,"280,258   ",62.1,"12,564   ",4.3
