year1,year2,name,lat,lon,caption
1981,1999,"Stockton, CA",37.9577016,-121.2907796,"Professor Wellerstein grew up in Stockton, California, which is the intersection of <em>Grapes of Wrath</em> and <em>Breaking Bad</em>."
1999,2004,"Berkeley, CA",37.8715926,-122.272747,"Professor Wellerstein got very lucky that despite his not-great academic record, he was admitted into UC Berkeley, where he lived for four years and then a little longer as he tried to figure out what to do after college."
2004,2010,"Cambridge, MA",42.3736158,-71.1097335,"Professor Wellerstein then went to the Boston area to attend graduate school at Harvard University, which was very fancy. He totally never felt out of place there. He fit in. There are lots of people from Stockton at Harvard. Yeah. Sure."
2011,2014,"Washington, DC",38.9071923,-77.0368707,"Professor Wellerstein lived in Washington, DC, for three years as a postdoc. He had three years in which could do whatever he wanted, but he needed a job after that, so he spent a lot of time thinking about how to accomplish the latter. He ended up making the NUKEMAP and that made him famous and then he got a job. True story."
2014,,"Hoboken, NJ",40.7439905,-74.0323626,"Professor Wellerstein became a professor at the Stevens Institute of Technology, where he works to this day! He's enjoying it and hopefully they'll give him tenure and he'll be un-fireable for the rest of his life."